{"v":"5.12.1","fr":30,"ip":0,"op":90,"w":1080,"h":360,"nm":"Motion","ddd":0,"assets":[{"id":"image_0","w":1080,"h":360,"u":"images/","p":"img_0.webp","e":0}],"layers":[{"ddd":0,"ind":1,"ty":4,"nm":"09","sr":1,"ks":{"o":{"a":0,"k":100,"ix":11},"r":{"a":0,"k":0,"ix":10},"p":{"a":1,"k":[{"i":{"x":0.833,"y":0.833},"o":{"x":0.167,"y":0.167},"t":0,"s":[3240,171.25,0],"e":[0,171.25,0],"to":[-540,0,0],"ti":[540,0,0]},{"t":269}],"ix":2,"l":2},"a":{"a":0,"k":[0,0,0],"ix":1,"l":2},"s":{"a":0,"k":[100,100,100],"ix":6,"l":2}},"ao":0,"shapes":[{"ty":"gr","it":[{"ind":0,"ty":"sh","ix":1,"ks":{"a":0,"k":{"i":[[0,0],[13.36,0],[8.35,0],[20.039,0],[11.69,0],[12.865,0],[17.46,0],[27.11,0],[12.097,0],[29.15,0],[26.908,0],[28.029,0],[14.575,0],[21.302,0]],"o":[[-5.977,0],[-8.35,0],[-8.35,0],[-20.039,0],[-20.039,0],[-12.865,0],[-12.865,0],[-19.06,0],[-12.097,0],[-29.15,0],[-26.908,0],[-28.029,0],[-14.575,0],[0,0]],"v":[[180,20.945],[150.65,20.945],[128.94,20.945],[105.561,20.945],[75.502,5.25],[45.709,104.25],[22.064,-104.25],[-19.857,20.945],[-43.401,-7.366],[-74.793,20.945],[-101.701,20.945],[-117.924,20.945],[-149.317,20.945],[-180,20.945]],"c":false},"ix":2},"nm":"Path 1","mn":"ADBE Vector Shape - Group","hd":false},{"ty":"st","c":{"a":0,"k":[0.952941176471,0.443137254902,0.407843137255,1],"ix":3},"o":{"a":0,"k":100,"ix":4},"w":{"a":0,"k":12,"ix":5},"lc":1,"lj":1,"ml":4,"bm":0,"nm":"Stroke 1","mn":"ADBE Vector Graphic - Stroke","hd":false},{"ty":"tr","p":{"a":0,"k":[0,0],"ix":2},"a":{"a":0,"k":[0,0],"ix":1},"s":{"a":0,"k":[100,100],"ix":3},"r":{"a":0,"k":0,"ix":6},"o":{"a":0,"k":100,"ix":7},"sk":{"a":0,"k":0,"ix":4},"sa":{"a":0,"k":0,"ix":5},"nm":"Transform"}],"nm":"09","np":2,"cix":2,"bm":0,"ix":1,"mn":"ADBE Vector Group","hd":false},{"ty":"tm","s":{"a":1,"k":[{"i":{"x":[0.833],"y":[0.833]},"o":{"x":[0.167],"y":[0.167]},"t":210,"s":[100],"e":[0]},{"t":240}],"ix":1},"e":{"a":0,"k":100,"ix":2},"o":{"a":0,"k":0,"ix":3},"m":1,"ix":2,"nm":"Trim Paths 1","mn":"ADBE Vector Filter - Trim","hd":false}],"ip":0,"op":604,"st":0,"ct":1,"bm":0},{"ddd":0,"ind":2,"ty":4,"nm":"08","sr":1,"ks":{"o":{"a":0,"k":100,"ix":11},"r":{"a":0,"k":0,"ix":10},"p":{"a":1,"k":[{"i":{"x":0.833,"y":0.833},"o":{"x":0.167,"y":0.167},"t":0,"s":[2880,171.25,0],"e":[-360,171.25,0],"to":[-540,0,0],"ti":[290,0,0]},{"t":270}],"ix":2,"l":2},"a":{"a":0,"k":[0,0,0],"ix":1,"l":2},"s":{"a":0,"k":[100,100,100],"ix":6,"l":2}},"ao":0,"shapes":[{"ty":"gr","it":[{"ind":0,"ty":"sh","ix":1,"ks":{"a":0,"k":{"i":[[0,0],[13.36,0],[8.35,0],[20.039,0],[11.69,0],[12.865,0],[17.46,0],[27.11,0],[12.097,0],[29.15,0],[26.908,0],[28.029,0],[14.575,0],[21.302,0]],"o":[[-5.977,0],[-8.35,0],[-8.35,0],[-20.039,0],[-20.039,0],[-12.865,0],[-12.865,0],[-19.06,0],[-12.097,0],[-29.15,0],[-26.908,0],[-28.029,0],[-14.575,0],[0,0]],"v":[[180,20.945],[150.65,20.945],[128.94,20.945],[105.561,20.945],[75.502,5.25],[45.709,104.25],[22.064,-104.25],[-19.857,20.945],[-43.401,-7.366],[-74.793,20.945],[-101.701,20.945],[-117.924,20.945],[-149.317,20.945],[-180,20.945]],"c":false},"ix":2},"nm":"Path 1","mn":"ADBE Vector Shape - Group","hd":false},{"ty":"st","c":{"a":0,"k":[0.952941176471,0.443137254902,0.407843137255,1],"ix":3},"o":{"a":0,"k":100,"ix":4},"w":{"a":0,"k":12,"ix":5},"lc":1,"lj":1,"ml":4,"bm":0,"nm":"Stroke 1","mn":"ADBE Vector Graphic - Stroke","hd":false},{"ty":"tr","p":{"a":0,"k":[0,0],"ix":2},"a":{"a":0,"k":[0,0],"ix":1},"s":{"a":0,"k":[100,100],"ix":3},"r":{"a":0,"k":0,"ix":6},"o":{"a":0,"k":100,"ix":7},"sk":{"a":0,"k":0,"ix":4},"sa":{"a":0,"k":0,"ix":5},"nm":"Transform"}],"nm":"08","np":2,"cix":2,"bm":0,"ix":1,"mn":"ADBE Vector Group","hd":false},{"ty":"tm","s":{"a":1,"k":[{"i":{"x":[0.833],"y":[0.833]},"o":{"x":[0.167],"y":[0.167]},"t":180,"s":[100],"e":[0]},{"t":210}],"ix":1},"e":{"a":0,"k":100,"ix":2},"o":{"a":0,"k":0,"ix":3},"m":1,"ix":2,"nm":"Trim Paths 1","mn":"ADBE Vector Filter - Trim","hd":false}],"ip":0,"op":604,"st":0,"ct":1,"bm":0},{"ddd":0,"ind":3,"ty":4,"nm":"07","sr":1,"ks":{"o":{"a":0,"k":100,"ix":11},"r":{"a":0,"k":0,"ix":10},"p":{"a":1,"k":[{"i":{"x":0.833,"y":0.833},"o":{"x":0.167,"y":0.167},"t":0,"s":[2520,171.25,0],"e":[-720,171.25,0],"to":[-540,0,0],"ti":[540,0,0]},{"t":270}],"ix":2,"l":2},"a":{"a":0,"k":[0,0,0],"ix":1,"l":2},"s":{"a":0,"k":[100,100,100],"ix":6,"l":2}},"ao":0,"shapes":[{"ty":"gr","it":[{"ind":0,"ty":"sh","ix":1,"ks":{"a":0,"k":{"i":[[0,0],[13.36,0],[8.35,0],[20.039,0],[11.69,0],[12.865,0],[17.46,0],[27.11,0],[12.097,0],[29.15,0],[26.908,0],[28.029,0],[14.575,0],[21.302,0]],"o":[[-5.977,0],[-8.35,0],[-8.35,0],[-20.039,0],[-20.039,0],[-12.865,0],[-12.865,0],[-19.06,0],[-12.097,0],[-29.15,0],[-26.908,0],[-28.029,0],[-14.575,0],[0,0]],"v":[[180,20.945],[150.65,20.945],[128.94,20.945],[105.561,20.945],[75.502,5.25],[45.709,104.25],[22.064,-104.25],[-19.857,20.945],[-43.401,-7.366],[-74.793,20.945],[-101.701,20.945],[-117.924,20.945],[-149.317,20.945],[-180,20.945]],"c":false},"ix":2},"nm":"Path 1","mn":"ADBE Vector Shape - Group","hd":false},{"ty":"st","c":{"a":0,"k":[0.952941176471,0.443137254902,0.407843137255,1],"ix":3},"o":{"a":0,"k":100,"ix":4},"w":{"a":0,"k":12,"ix":5},"lc":1,"lj":1,"ml":4,"bm":0,"nm":"Stroke 1","mn":"ADBE Vector Graphic - Stroke","hd":false},{"ty":"tr","p":{"a":0,"k":[0,0],"ix":2},"a":{"a":0,"k":[0,0],"ix":1},"s":{"a":0,"k":[100,100],"ix":3},"r":{"a":0,"k":0,"ix":6},"o":{"a":0,"k":100,"ix":7},"sk":{"a":0,"k":0,"ix":4},"sa":{"a":0,"k":0,"ix":5},"nm":"Transform"}],"nm":"07","np":2,"cix":2,"bm":0,"ix":1,"mn":"ADBE Vector Group","hd":false},{"ty":"tm","s":{"a":1,"k":[{"i":{"x":[0.833],"y":[0.833]},"o":{"x":[0.167],"y":[0.167]},"t":150,"s":[100],"e":[0]},{"t":180}],"ix":1},"e":{"a":0,"k":100,"ix":2},"o":{"a":0,"k":0,"ix":3},"m":1,"ix":2,"nm":"Trim Paths 1","mn":"ADBE Vector Filter - Trim","hd":false}],"ip":0,"op":604,"st":0,"ct":1,"bm":0},{"ddd":0,"ind":4,"ty":4,"nm":"06","sr":1,"ks":{"o":{"a":0,"k":100,"ix":11},"r":{"a":0,"k":0,"ix":10},"p":{"a":1,"k":[{"i":{"x":0.833,"y":0.833},"o":{"x":0.167,"y":0.167},"t":0,"s":[2160,171.25,0],"e":[-1080,171.25,0],"to":[-540,0,0],"ti":[540,0,0]},{"t":270}],"ix":2,"l":2},"a":{"a":0,"k":[0,0,0],"ix":1,"l":2},"s":{"a":0,"k":[100,100,100],"ix":6,"l":2}},"ao":0,"shapes":[{"ty":"gr","it":[{"ind":0,"ty":"sh","ix":1,"ks":{"a":0,"k":{"i":[[0,0],[13.36,0],[8.35,0],[20.039,0],[11.69,0],[12.865,0],[17.46,0],[27.11,0],[12.097,0],[29.15,0],[26.908,0],[28.029,0],[14.575,0],[21.302,0]],"o":[[-5.977,0],[-8.35,0],[-8.35,0],[-20.039,0],[-20.039,0],[-12.865,0],[-12.865,0],[-19.06,0],[-12.097,0],[-29.15,0],[-26.908,0],[-28.029,0],[-14.575,0],[0,0]],"v":[[180,20.945],[150.65,20.945],[128.94,20.945],[105.561,20.945],[75.502,5.25],[45.709,104.25],[22.064,-104.25],[-19.857,20.945],[-43.401,-7.366],[-74.793,20.945],[-101.701,20.945],[-117.924,20.945],[-149.317,20.945],[-180,20.945]],"c":false},"ix":2},"nm":"Path 1","mn":"ADBE Vector Shape - Group","hd":false},{"ty":"st","c":{"a":0,"k":[0.952941176471,0.443137254902,0.407843137255,1],"ix":3},"o":{"a":0,"k":100,"ix":4},"w":{"a":0,"k":12,"ix":5},"lc":1,"lj":1,"ml":4,"bm":0,"nm":"Stroke 1","mn":"ADBE Vector Graphic - Stroke","hd":false},{"ty":"tr","p":{"a":0,"k":[0,0],"ix":2},"a":{"a":0,"k":[0,0],"ix":1},"s":{"a":0,"k":[100,100],"ix":3},"r":{"a":0,"k":0,"ix":6},"o":{"a":0,"k":100,"ix":7},"sk":{"a":0,"k":0,"ix":4},"sa":{"a":0,"k":0,"ix":5},"nm":"Transform"}],"nm":"06","np":2,"cix":2,"bm":0,"ix":1,"mn":"ADBE Vector Group","hd":false},{"ty":"tm","s":{"a":1,"k":[{"i":{"x":[0.833],"y":[0.833]},"o":{"x":[0.167],"y":[0.167]},"t":120,"s":[100],"e":[0]},{"t":150}],"ix":1},"e":{"a":0,"k":100,"ix":2},"o":{"a":0,"k":0,"ix":3},"m":1,"ix":2,"nm":"Trim Paths 1","mn":"ADBE Vector Filter - Trim","hd":false}],"ip":0,"op":604,"st":0,"ct":1,"bm":0},{"ddd":0,"ind":5,"ty":4,"nm":"05","sr":1,"ks":{"o":{"a":0,"k":100,"ix":11},"r":{"a":0,"k":0,"ix":10},"p":{"a":1,"k":[{"i":{"x":0.833,"y":0.833},"o":{"x":0.167,"y":0.167},"t":0,"s":[1800,171.25,0],"e":[-1440,171.25,0],"to":[-540,0,0],"ti":[540,0,0]},{"t":270}],"ix":2,"l":2},"a":{"a":0,"k":[0,0,0],"ix":1,"l":2},"s":{"a":0,"k":[100,100,100],"ix":6,"l":2}},"ao":0,"shapes":[{"ty":"gr","it":[{"ind":0,"ty":"sh","ix":1,"ks":{"a":0,"k":{"i":[[0,0],[13.36,0],[8.35,0],[20.039,0],[11.69,0],[12.865,0],[17.46,0],[27.11,0],[12.097,0],[29.15,0],[26.908,0],[28.029,0],[14.575,0],[21.302,0]],"o":[[-5.977,0],[-8.35,0],[-8.35,0],[-20.039,0],[-20.039,0],[-12.865,0],[-12.865,0],[-19.06,0],[-12.097,0],[-29.15,0],[-26.908,0],[-28.029,0],[-14.575,0],[0,0]],"v":[[180,20.945],[150.65,20.945],[128.94,20.945],[105.561,20.945],[75.502,5.25],[45.709,104.25],[22.064,-104.25],[-19.857,20.945],[-43.401,-7.366],[-74.793,20.945],[-101.701,20.945],[-117.924,20.945],[-149.317,20.945],[-180,20.945]],"c":false},"ix":2},"nm":"Path 1","mn":"ADBE Vector Shape - Group","hd":false},{"ty":"st","c":{"a":0,"k":[0.952941176471,0.443137254902,0.407843137255,1],"ix":3},"o":{"a":0,"k":100,"ix":4},"w":{"a":0,"k":12,"ix":5},"lc":1,"lj":1,"ml":4,"bm":0,"nm":"Stroke 1","mn":"ADBE Vector Graphic - Stroke","hd":false},{"ty":"tr","p":{"a":0,"k":[0,0],"ix":2},"a":{"a":0,"k":[0,0],"ix":1},"s":{"a":0,"k":[100,100],"ix":3},"r":{"a":0,"k":0,"ix":6},"o":{"a":0,"k":100,"ix":7},"sk":{"a":0,"k":0,"ix":4},"sa":{"a":0,"k":0,"ix":5},"nm":"Transform"}],"nm":"05","np":2,"cix":2,"bm":0,"ix":1,"mn":"ADBE Vector Group","hd":false},{"ty":"tm","s":{"a":1,"k":[{"i":{"x":[0.833],"y":[0.833]},"o":{"x":[0.167],"y":[0.167]},"t":90,"s":[100],"e":[0]},{"t":120}],"ix":1},"e":{"a":0,"k":100,"ix":2},"o":{"a":0,"k":0,"ix":3},"m":1,"ix":2,"nm":"Trim Paths 1","mn":"ADBE Vector Filter - Trim","hd":false}],"ip":0,"op":604,"st":0,"ct":1,"bm":0},{"ddd":0,"ind":6,"ty":4,"nm":"04","sr":1,"ks":{"o":{"a":0,"k":100,"ix":11},"r":{"a":0,"k":0,"ix":10},"p":{"a":1,"k":[{"i":{"x":0.833,"y":0.833},"o":{"x":0.167,"y":0.167},"t":0,"s":[1440,171.25,0],"e":[-1800,171.25,0],"to":[-540,0,0],"ti":[540,0,0]},{"t":270}],"ix":2,"l":2},"a":{"a":0,"k":[0,0,0],"ix":1,"l":2},"s":{"a":0,"k":[100,100,100],"ix":6,"l":2}},"ao":0,"shapes":[{"ty":"gr","it":[{"ind":0,"ty":"sh","ix":1,"ks":{"a":0,"k":{"i":[[0,0],[13.36,0],[8.35,0],[20.039,0],[11.69,0],[12.865,0],[17.46,0],[27.11,0],[12.097,0],[29.15,0],[26.908,0],[28.029,0],[14.575,0],[21.302,0]],"o":[[-5.977,0],[-8.35,0],[-8.35,0],[-20.039,0],[-20.039,0],[-12.865,0],[-12.865,0],[-19.06,0],[-12.097,0],[-29.15,0],[-26.908,0],[-28.029,0],[-14.575,0],[0,0]],"v":[[180,20.945],[150.65,20.945],[128.94,20.945],[105.561,20.945],[75.502,5.25],[45.709,104.25],[22.064,-104.25],[-19.857,20.945],[-43.401,-7.366],[-74.793,20.945],[-101.701,20.945],[-117.924,20.945],[-149.317,20.945],[-180,20.945]],"c":false},"ix":2},"nm":"Path 1","mn":"ADBE Vector Shape - Group","hd":false},{"ty":"st","c":{"a":0,"k":[0.952941176471,0.443137254902,0.407843137255,1],"ix":3},"o":{"a":0,"k":100,"ix":4},"w":{"a":0,"k":12,"ix":5},"lc":1,"lj":1,"ml":4,"bm":0,"nm":"Stroke 1","mn":"ADBE Vector Graphic - Stroke","hd":false},{"ty":"tr","p":{"a":0,"k":[0,0],"ix":2},"a":{"a":0,"k":[0,0],"ix":1},"s":{"a":0,"k":[100,100],"ix":3},"r":{"a":0,"k":0,"ix":6},"o":{"a":0,"k":100,"ix":7},"sk":{"a":0,"k":0,"ix":4},"sa":{"a":0,"k":0,"ix":5},"nm":"Transform"}],"nm":"04","np":2,"cix":2,"bm":0,"ix":1,"mn":"ADBE Vector Group","hd":false},{"ty":"tm","s":{"a":1,"k":[{"i":{"x":[0.833],"y":[0.833]},"o":{"x":[0.167],"y":[0.167]},"t":60,"s":[100],"e":[0]},{"t":90}],"ix":1},"e":{"a":0,"k":100,"ix":2},"o":{"a":0,"k":0,"ix":3},"m":1,"ix":2,"nm":"Trim Paths 1","mn":"ADBE Vector Filter - Trim","hd":false}],"ip":0,"op":604,"st":0,"ct":1,"bm":0},{"ddd":0,"ind":7,"ty":4,"nm":"03","sr":1,"ks":{"o":{"a":0,"k":100,"ix":11},"r":{"a":0,"k":0,"ix":10},"p":{"a":1,"k":[{"i":{"x":0.833,"y":0.833},"o":{"x":0.167,"y":0.167},"t":0,"s":[1080,171.25,0],"e":[-2160,171.25,0],"to":[-540,0,0],"ti":[540,0,0]},{"t":270}],"ix":2,"l":2},"a":{"a":0,"k":[0,0,0],"ix":1,"l":2},"s":{"a":0,"k":[100,100,100],"ix":6,"l":2}},"ao":0,"shapes":[{"ty":"gr","it":[{"ind":0,"ty":"sh","ix":1,"ks":{"a":0,"k":{"i":[[0,0],[13.36,0],[8.35,0],[20.039,0],[11.69,0],[12.865,0],[17.46,0],[27.11,0],[12.097,0],[29.15,0],[26.908,0],[28.029,0],[14.575,0],[21.302,0]],"o":[[-5.977,0],[-8.35,0],[-8.35,0],[-20.039,0],[-20.039,0],[-12.865,0],[-12.865,0],[-19.06,0],[-12.097,0],[-29.15,0],[-26.908,0],[-28.029,0],[-14.575,0],[0,0]],"v":[[180,20.945],[150.65,20.945],[128.94,20.945],[105.561,20.945],[75.502,5.25],[45.709,104.25],[22.064,-104.25],[-19.857,20.945],[-43.401,-7.366],[-74.793,20.945],[-101.701,20.945],[-117.924,20.945],[-149.317,20.945],[-180,20.945]],"c":false},"ix":2},"nm":"Path 1","mn":"ADBE Vector Shape - Group","hd":false},{"ty":"st","c":{"a":0,"k":[0.952941176471,0.443137254902,0.407843137255,1],"ix":3},"o":{"a":0,"k":100,"ix":4},"w":{"a":0,"k":12,"ix":5},"lc":1,"lj":1,"ml":4,"bm":0,"nm":"Stroke 1","mn":"ADBE Vector Graphic - Stroke","hd":false},{"ty":"tr","p":{"a":0,"k":[0,0],"ix":2},"a":{"a":0,"k":[0,0],"ix":1},"s":{"a":0,"k":[100,100],"ix":3},"r":{"a":0,"k":0,"ix":6},"o":{"a":0,"k":100,"ix":7},"sk":{"a":0,"k":0,"ix":4},"sa":{"a":0,"k":0,"ix":5},"nm":"Transform"}],"nm":"03","np":2,"cix":2,"bm":0,"ix":1,"mn":"ADBE Vector Group","hd":false},{"ty":"tm","s":{"a":1,"k":[{"i":{"x":[0.833],"y":[0.833]},"o":{"x":[0.167],"y":[0.167]},"t":30,"s":[100],"e":[0]},{"t":60}],"ix":1},"e":{"a":0,"k":100,"ix":2},"o":{"a":0,"k":0,"ix":3},"m":1,"ix":2,"nm":"Trim Paths 1","mn":"ADBE Vector Filter - Trim","hd":false}],"ip":0,"op":604,"st":0,"ct":1,"bm":0},{"ddd":0,"ind":8,"ty":4,"nm":"02","sr":1,"ks":{"o":{"a":0,"k":100,"ix":11},"r":{"a":0,"k":0,"ix":10},"p":{"a":1,"k":[{"i":{"x":0.833,"y":0.833},"o":{"x":0.167,"y":0.167},"t":0,"s":[720,171.25,0],"e":[-2520,171.25,0],"to":[-540,0,0],"ti":[540,0,0]},{"t":270}],"ix":2,"l":2},"a":{"a":0,"k":[0,0,0],"ix":1,"l":2},"s":{"a":0,"k":[100,100,100],"ix":6,"l":2}},"ao":0,"shapes":[{"ty":"gr","it":[{"ind":0,"ty":"sh","ix":1,"ks":{"a":0,"k":{"i":[[0,0],[13.36,0],[8.35,0],[20.039,0],[11.69,0],[12.865,0],[17.46,0],[27.11,0],[12.097,0],[29.15,0],[26.908,0],[28.029,0],[14.575,0],[21.302,0]],"o":[[-5.977,0],[-8.35,0],[-8.35,0],[-20.039,0],[-20.039,0],[-12.865,0],[-12.865,0],[-19.06,0],[-12.097,0],[-29.15,0],[-26.908,0],[-28.029,0],[-14.575,0],[0,0]],"v":[[180,20.945],[150.65,20.945],[128.94,20.945],[105.561,20.945],[75.502,5.25],[45.709,104.25],[22.064,-104.25],[-19.857,20.945],[-43.401,-7.366],[-74.793,20.945],[-101.701,20.945],[-117.924,20.945],[-149.317,20.945],[-180,20.945]],"c":false},"ix":2},"nm":"Path 1","mn":"ADBE Vector Shape - Group","hd":false},{"ty":"st","c":{"a":0,"k":[0.952941176471,0.443137254902,0.407843137255,1],"ix":3},"o":{"a":0,"k":100,"ix":4},"w":{"a":0,"k":12,"ix":5},"lc":1,"lj":1,"ml":4,"bm":0,"nm":"Stroke 1","mn":"ADBE Vector Graphic - Stroke","hd":false},{"ty":"tr","p":{"a":0,"k":[0,0],"ix":2},"a":{"a":0,"k":[0,0],"ix":1},"s":{"a":0,"k":[100,100],"ix":3},"r":{"a":0,"k":0,"ix":6},"o":{"a":0,"k":100,"ix":7},"sk":{"a":0,"k":0,"ix":4},"sa":{"a":0,"k":0,"ix":5},"nm":"Transform"}],"nm":"02","np":2,"cix":2,"bm":0,"ix":1,"mn":"ADBE Vector Group","hd":false},{"ty":"tm","s":{"a":1,"k":[{"i":{"x":[0.833],"y":[0.833]},"o":{"x":[0.167],"y":[0.167]},"t":0,"s":[100],"e":[0]},{"t":30}],"ix":1},"e":{"a":0,"k":100,"ix":2},"o":{"a":0,"k":0,"ix":3},"m":1,"ix":2,"nm":"Trim Paths 1","mn":"ADBE Vector Filter - Trim","hd":false}],"ip":0,"op":604,"st":0,"ct":1,"bm":0},{"ddd":0,"ind":9,"ty":4,"nm":"18","sr":1,"ks":{"o":{"a":0,"k":100,"ix":11},"r":{"a":0,"k":0,"ix":10},"p":{"a":1,"k":[{"i":{"x":0.833,"y":0.833},"o":{"x":0.167,"y":0.167},"t":0,"s":[3240,171.25,0],"e":[0,171.25,0],"to":[-540,0,0],"ti":[540,0,0]},{"t":269}],"ix":2,"l":2},"a":{"a":0,"k":[0,0,0],"ix":1,"l":2},"s":{"a":0,"k":[100,100,100],"ix":6,"l":2}},"ao":0,"shapes":[{"ty":"gr","it":[{"ind":0,"ty":"sh","ix":1,"ks":{"a":0,"k":{"i":[[0,0],[13.36,0],[8.35,0],[20.039,0],[11.69,0],[12.865,0],[17.46,0],[27.11,0],[12.097,0],[29.15,0],[26.908,0],[28.029,0],[14.575,0],[21.302,0]],"o":[[-5.977,0],[-8.35,0],[-8.35,0],[-20.039,0],[-20.039,0],[-12.865,0],[-12.865,0],[-19.06,0],[-12.097,0],[-29.15,0],[-26.908,0],[-28.029,0],[-14.575,0],[0,0]],"v":[[180,20.945],[150.65,20.945],[128.94,20.945],[105.561,20.945],[75.502,5.25],[45.709,104.25],[22.064,-104.25],[-19.857,20.945],[-43.401,-7.366],[-74.793,20.945],[-101.701,20.945],[-117.924,20.945],[-149.317,20.945],[-180,20.945]],"c":false},"ix":2},"nm":"Path 1","mn":"ADBE Vector Shape - Group","hd":false},{"ty":"st","c":{"a":0,"k":[0.996078431373,0.909803921569,0.901960784314,1],"ix":3},"o":{"a":0,"k":100,"ix":4},"w":{"a":0,"k":12,"ix":5},"lc":1,"lj":1,"ml":4,"bm":0,"nm":"Stroke 1","mn":"ADBE Vector Graphic - Stroke","hd":false},{"ty":"tr","p":{"a":0,"k":[0,0],"ix":2},"a":{"a":0,"k":[0,0],"ix":1},"s":{"a":0,"k":[100,100],"ix":3},"r":{"a":0,"k":0,"ix":6},"o":{"a":0,"k":100,"ix":7},"sk":{"a":0,"k":0,"ix":4},"sa":{"a":0,"k":0,"ix":5},"nm":"Transform"}],"nm":"09","np":2,"cix":2,"bm":0,"ix":1,"mn":"ADBE Vector Group","hd":false},{"ty":"tm","s":{"a":0,"k":0,"ix":1},"e":{"a":0,"k":100,"ix":2},"o":{"a":0,"k":0,"ix":3},"m":1,"ix":2,"nm":"Trim Paths 1","mn":"ADBE Vector Filter - Trim","hd":false}],"ip":0,"op":604,"st":0,"ct":1,"bm":0},{"ddd":0,"ind":10,"ty":4,"nm":"17","sr":1,"ks":{"o":{"a":0,"k":100,"ix":11},"r":{"a":0,"k":0,"ix":10},"p":{"a":1,"k":[{"i":{"x":0.833,"y":0.833},"o":{"x":0.167,"y":0.167},"t":0,"s":[2880,171.25,0],"e":[-360,171.25,0],"to":[-540,0,0],"ti":[290,0,0]},{"t":270}],"ix":2,"l":2},"a":{"a":0,"k":[0,0,0],"ix":1,"l":2},"s":{"a":0,"k":[100,100,100],"ix":6,"l":2}},"ao":0,"shapes":[{"ty":"gr","it":[{"ind":0,"ty":"sh","ix":1,"ks":{"a":0,"k":{"i":[[0,0],[13.36,0],[8.35,0],[20.039,0],[11.69,0],[12.865,0],[17.46,0],[27.11,0],[12.097,0],[29.15,0],[26.908,0],[28.029,0],[14.575,0],[21.302,0]],"o":[[-5.977,0],[-8.35,0],[-8.35,0],[-20.039,0],[-20.039,0],[-12.865,0],[-12.865,0],[-19.06,0],[-12.097,0],[-29.15,0],[-26.908,0],[-28.029,0],[-14.575,0],[0,0]],"v":[[180,20.945],[150.65,20.945],[128.94,20.945],[105.561,20.945],[75.502,5.25],[45.709,104.25],[22.064,-104.25],[-19.857,20.945],[-43.401,-7.366],[-74.793,20.945],[-101.701,20.945],[-117.924,20.945],[-149.317,20.945],[-180,20.945]],"c":false},"ix":2},"nm":"Path 1","mn":"ADBE Vector Shape - Group","hd":false},{"ty":"st","c":{"a":0,"k":[0.996078431373,0.909803921569,0.901960784314,1],"ix":3},"o":{"a":0,"k":100,"ix":4},"w":{"a":0,"k":12,"ix":5},"lc":1,"lj":1,"ml":4,"bm":0,"nm":"Stroke 1","mn":"ADBE Vector Graphic - Stroke","hd":false},{"ty":"tr","p":{"a":0,"k":[0,0],"ix":2},"a":{"a":0,"k":[0,0],"ix":1},"s":{"a":0,"k":[100,100],"ix":3},"r":{"a":0,"k":0,"ix":6},"o":{"a":0,"k":100,"ix":7},"sk":{"a":0,"k":0,"ix":4},"sa":{"a":0,"k":0,"ix":5},"nm":"Transform"}],"nm":"08","np":2,"cix":2,"bm":0,"ix":1,"mn":"ADBE Vector Group","hd":false},{"ty":"tm","s":{"a":0,"k":0,"ix":1},"e":{"a":0,"k":100,"ix":2},"o":{"a":0,"k":0,"ix":3},"m":1,"ix":2,"nm":"Trim Paths 1","mn":"ADBE Vector Filter - Trim","hd":false}],"ip":0,"op":604,"st":0,"ct":1,"bm":0},{"ddd":0,"ind":11,"ty":4,"nm":"16","sr":1,"ks":{"o":{"a":0,"k":100,"ix":11},"r":{"a":0,"k":0,"ix":10},"p":{"a":1,"k":[{"i":{"x":0.833,"y":0.833},"o":{"x":0.167,"y":0.167},"t":0,"s":[2520,171.25,0],"e":[-720,171.25,0],"to":[-540,0,0],"ti":[540,0,0]},{"t":270}],"ix":2,"l":2},"a":{"a":0,"k":[0,0,0],"ix":1,"l":2},"s":{"a":0,"k":[100,100,100],"ix":6,"l":2}},"ao":0,"shapes":[{"ty":"gr","it":[{"ind":0,"ty":"sh","ix":1,"ks":{"a":0,"k":{"i":[[0,0],[13.36,0],[8.35,0],[20.039,0],[11.69,0],[12.865,0],[17.46,0],[27.11,0],[12.097,0],[29.15,0],[26.908,0],[28.029,0],[14.575,0],[21.302,0]],"o":[[-5.977,0],[-8.35,0],[-8.35,0],[-20.039,0],[-20.039,0],[-12.865,0],[-12.865,0],[-19.06,0],[-12.097,0],[-29.15,0],[-26.908,0],[-28.029,0],[-14.575,0],[0,0]],"v":[[180,20.945],[150.65,20.945],[128.94,20.945],[105.561,20.945],[75.502,5.25],[45.709,104.25],[22.064,-104.25],[-19.857,20.945],[-43.401,-7.366],[-74.793,20.945],[-101.701,20.945],[-117.924,20.945],[-149.317,20.945],[-180,20.945]],"c":false},"ix":2},"nm":"Path 1","mn":"ADBE Vector Shape - Group","hd":false},{"ty":"st","c":{"a":0,"k":[0.996078431373,0.909803921569,0.901960784314,1],"ix":3},"o":{"a":0,"k":100,"ix":4},"w":{"a":0,"k":12,"ix":5},"lc":1,"lj":1,"ml":4,"bm":0,"nm":"Stroke 1","mn":"ADBE Vector Graphic - Stroke","hd":false},{"ty":"tr","p":{"a":0,"k":[0,0],"ix":2},"a":{"a":0,"k":[0,0],"ix":1},"s":{"a":0,"k":[100,100],"ix":3},"r":{"a":0,"k":0,"ix":6},"o":{"a":0,"k":100,"ix":7},"sk":{"a":0,"k":0,"ix":4},"sa":{"a":0,"k":0,"ix":5},"nm":"Transform"}],"nm":"07","np":2,"cix":2,"bm":0,"ix":1,"mn":"ADBE Vector Group","hd":false},{"ty":"tm","s":{"a":0,"k":0,"ix":1},"e":{"a":0,"k":100,"ix":2},"o":{"a":0,"k":0,"ix":3},"m":1,"ix":2,"nm":"Trim Paths 1","mn":"ADBE Vector Filter - Trim","hd":false}],"ip":0,"op":604,"st":0,"ct":1,"bm":0},{"ddd":0,"ind":12,"ty":4,"nm":"15","sr":1,"ks":{"o":{"a":0,"k":100,"ix":11},"r":{"a":0,"k":0,"ix":10},"p":{"a":1,"k":[{"i":{"x":0.833,"y":0.833},"o":{"x":0.167,"y":0.167},"t":0,"s":[2160,171.25,0],"e":[-1080,171.25,0],"to":[-540,0,0],"ti":[540,0,0]},{"t":270}],"ix":2,"l":2},"a":{"a":0,"k":[0,0,0],"ix":1,"l":2},"s":{"a":0,"k":[100,100,100],"ix":6,"l":2}},"ao":0,"shapes":[{"ty":"gr","it":[{"ind":0,"ty":"sh","ix":1,"ks":{"a":0,"k":{"i":[[0,0],[13.36,0],[8.35,0],[20.039,0],[11.69,0],[12.865,0],[17.46,0],[27.11,0],[12.097,0],[29.15,0],[26.908,0],[28.029,0],[14.575,0],[21.302,0]],"o":[[-5.977,0],[-8.35,0],[-8.35,0],[-20.039,0],[-20.039,0],[-12.865,0],[-12.865,0],[-19.06,0],[-12.097,0],[-29.15,0],[-26.908,0],[-28.029,0],[-14.575,0],[0,0]],"v":[[180,20.945],[150.65,20.945],[128.94,20.945],[105.561,20.945],[75.502,5.25],[45.709,104.25],[22.064,-104.25],[-19.857,20.945],[-43.401,-7.366],[-74.793,20.945],[-101.701,20.945],[-117.924,20.945],[-149.317,20.945],[-180,20.945]],"c":false},"ix":2},"nm":"Path 1","mn":"ADBE Vector Shape - Group","hd":false},{"ty":"st","c":{"a":0,"k":[0.996078431373,0.909803921569,0.901960784314,1],"ix":3},"o":{"a":0,"k":100,"ix":4},"w":{"a":0,"k":12,"ix":5},"lc":1,"lj":1,"ml":4,"bm":0,"nm":"Stroke 1","mn":"ADBE Vector Graphic - Stroke","hd":false},{"ty":"tr","p":{"a":0,"k":[0,0],"ix":2},"a":{"a":0,"k":[0,0],"ix":1},"s":{"a":0,"k":[100,100],"ix":3},"r":{"a":0,"k":0,"ix":6},"o":{"a":0,"k":100,"ix":7},"sk":{"a":0,"k":0,"ix":4},"sa":{"a":0,"k":0,"ix":5},"nm":"Transform"}],"nm":"06","np":2,"cix":2,"bm":0,"ix":1,"mn":"ADBE Vector Group","hd":false},{"ty":"tm","s":{"a":0,"k":0,"ix":1},"e":{"a":0,"k":100,"ix":2},"o":{"a":0,"k":0,"ix":3},"m":1,"ix":2,"nm":"Trim Paths 1","mn":"ADBE Vector Filter - Trim","hd":false}],"ip":0,"op":604,"st":0,"ct":1,"bm":0},{"ddd":0,"ind":13,"ty":4,"nm":"14","sr":1,"ks":{"o":{"a":0,"k":100,"ix":11},"r":{"a":0,"k":0,"ix":10},"p":{"a":1,"k":[{"i":{"x":0.833,"y":0.833},"o":{"x":0.167,"y":0.167},"t":0,"s":[1800,171.25,0],"e":[-1440,171.25,0],"to":[-540,0,0],"ti":[540,0,0]},{"t":270}],"ix":2,"l":2},"a":{"a":0,"k":[0,0,0],"ix":1,"l":2},"s":{"a":0,"k":[100,100,100],"ix":6,"l":2}},"ao":0,"shapes":[{"ty":"gr","it":[{"ind":0,"ty":"sh","ix":1,"ks":{"a":0,"k":{"i":[[0,0],[13.36,0],[8.35,0],[20.039,0],[11.69,0],[12.865,0],[17.46,0],[27.11,0],[12.097,0],[29.15,0],[26.908,0],[28.029,0],[14.575,0],[21.302,0]],"o":[[-5.977,0],[-8.35,0],[-8.35,0],[-20.039,0],[-20.039,0],[-12.865,0],[-12.865,0],[-19.06,0],[-12.097,0],[-29.15,0],[-26.908,0],[-28.029,0],[-14.575,0],[0,0]],"v":[[180,20.945],[150.65,20.945],[128.94,20.945],[105.561,20.945],[75.502,5.25],[45.709,104.25],[22.064,-104.25],[-19.857,20.945],[-43.401,-7.366],[-74.793,20.945],[-101.701,20.945],[-117.924,20.945],[-149.317,20.945],[-180,20.945]],"c":false},"ix":2},"nm":"Path 1","mn":"ADBE Vector Shape - Group","hd":false},{"ty":"st","c":{"a":0,"k":[0.996078431373,0.909803921569,0.901960784314,1],"ix":3},"o":{"a":0,"k":100,"ix":4},"w":{"a":0,"k":12,"ix":5},"lc":1,"lj":1,"ml":4,"bm":0,"nm":"Stroke 1","mn":"ADBE Vector Graphic - Stroke","hd":false},{"ty":"tr","p":{"a":0,"k":[0,0],"ix":2},"a":{"a":0,"k":[0,0],"ix":1},"s":{"a":0,"k":[100,100],"ix":3},"r":{"a":0,"k":0,"ix":6},"o":{"a":0,"k":100,"ix":7},"sk":{"a":0,"k":0,"ix":4},"sa":{"a":0,"k":0,"ix":5},"nm":"Transform"}],"nm":"05","np":2,"cix":2,"bm":0,"ix":1,"mn":"ADBE Vector Group","hd":false},{"ty":"tm","s":{"a":0,"k":0,"ix":1},"e":{"a":0,"k":100,"ix":2},"o":{"a":0,"k":0,"ix":3},"m":1,"ix":2,"nm":"Trim Paths 1","mn":"ADBE Vector Filter - Trim","hd":false}],"ip":0,"op":604,"st":0,"ct":1,"bm":0},{"ddd":0,"ind":14,"ty":4,"nm":"13","sr":1,"ks":{"o":{"a":0,"k":100,"ix":11},"r":{"a":0,"k":0,"ix":10},"p":{"a":1,"k":[{"i":{"x":0.833,"y":0.833},"o":{"x":0.167,"y":0.167},"t":0,"s":[1440,171.25,0],"e":[-1800,171.25,0],"to":[-540,0,0],"ti":[540,0,0]},{"t":270}],"ix":2,"l":2},"a":{"a":0,"k":[0,0,0],"ix":1,"l":2},"s":{"a":0,"k":[100,100,100],"ix":6,"l":2}},"ao":0,"shapes":[{"ty":"gr","it":[{"ind":0,"ty":"sh","ix":1,"ks":{"a":0,"k":{"i":[[0,0],[13.36,0],[8.35,0],[20.039,0],[11.69,0],[12.865,0],[17.46,0],[27.11,0],[12.097,0],[29.15,0],[26.908,0],[28.029,0],[14.575,0],[21.302,0]],"o":[[-5.977,0],[-8.35,0],[-8.35,0],[-20.039,0],[-20.039,0],[-12.865,0],[-12.865,0],[-19.06,0],[-12.097,0],[-29.15,0],[-26.908,0],[-28.029,0],[-14.575,0],[0,0]],"v":[[180,20.945],[150.65,20.945],[128.94,20.945],[105.561,20.945],[75.502,5.25],[45.709,104.25],[22.064,-104.25],[-19.857,20.945],[-43.401,-7.366],[-74.793,20.945],[-101.701,20.945],[-117.924,20.945],[-149.317,20.945],[-180,20.945]],"c":false},"ix":2},"nm":"Path 1","mn":"ADBE Vector Shape - Group","hd":false},{"ty":"st","c":{"a":0,"k":[0.996078431373,0.909803921569,0.901960784314,1],"ix":3},"o":{"a":0,"k":100,"ix":4},"w":{"a":0,"k":12,"ix":5},"lc":1,"lj":1,"ml":4,"bm":0,"nm":"Stroke 1","mn":"ADBE Vector Graphic - Stroke","hd":false},{"ty":"tr","p":{"a":0,"k":[0,0],"ix":2},"a":{"a":0,"k":[0,0],"ix":1},"s":{"a":0,"k":[100,100],"ix":3},"r":{"a":0,"k":0,"ix":6},"o":{"a":0,"k":100,"ix":7},"sk":{"a":0,"k":0,"ix":4},"sa":{"a":0,"k":0,"ix":5},"nm":"Transform"}],"nm":"04","np":2,"cix":2,"bm":0,"ix":1,"mn":"ADBE Vector Group","hd":false},{"ty":"tm","s":{"a":0,"k":0,"ix":1},"e":{"a":0,"k":100,"ix":2},"o":{"a":0,"k":0,"ix":3},"m":1,"ix":2,"nm":"Trim Paths 1","mn":"ADBE Vector Filter - Trim","hd":false}],"ip":0,"op":604,"st":0,"ct":1,"bm":0},{"ddd":0,"ind":15,"ty":4,"nm":"12","sr":1,"ks":{"o":{"a":0,"k":100,"ix":11},"r":{"a":0,"k":0,"ix":10},"p":{"a":1,"k":[{"i":{"x":0.833,"y":0.833},"o":{"x":0.167,"y":0.167},"t":0,"s":[1080,171.25,0],"e":[-2160,171.25,0],"to":[-540,0,0],"ti":[540,0,0]},{"t":270}],"ix":2,"l":2},"a":{"a":0,"k":[0,0,0],"ix":1,"l":2},"s":{"a":0,"k":[100,100,100],"ix":6,"l":2}},"ao":0,"shapes":[{"ty":"gr","it":[{"ind":0,"ty":"sh","ix":1,"ks":{"a":0,"k":{"i":[[0,0],[13.36,0],[8.35,0],[20.039,0],[11.69,0],[12.865,0],[17.46,0],[27.11,0],[12.097,0],[29.15,0],[26.908,0],[28.029,0],[14.575,0],[21.302,0]],"o":[[-5.977,0],[-8.35,0],[-8.35,0],[-20.039,0],[-20.039,0],[-12.865,0],[-12.865,0],[-19.06,0],[-12.097,0],[-29.15,0],[-26.908,0],[-28.029,0],[-14.575,0],[0,0]],"v":[[180,20.945],[150.65,20.945],[128.94,20.945],[105.561,20.945],[75.502,5.25],[45.709,104.25],[22.064,-104.25],[-19.857,20.945],[-43.401,-7.366],[-74.793,20.945],[-101.701,20.945],[-117.924,20.945],[-149.317,20.945],[-180,20.945]],"c":false},"ix":2},"nm":"Path 1","mn":"ADBE Vector Shape - Group","hd":false},{"ty":"st","c":{"a":0,"k":[0.996078431373,0.909803921569,0.901960784314,1],"ix":3},"o":{"a":0,"k":100,"ix":4},"w":{"a":0,"k":12,"ix":5},"lc":1,"lj":1,"ml":4,"bm":0,"nm":"Stroke 1","mn":"ADBE Vector Graphic - Stroke","hd":false},{"ty":"tr","p":{"a":0,"k":[0,0],"ix":2},"a":{"a":0,"k":[0,0],"ix":1},"s":{"a":0,"k":[100,100],"ix":3},"r":{"a":0,"k":0,"ix":6},"o":{"a":0,"k":100,"ix":7},"sk":{"a":0,"k":0,"ix":4},"sa":{"a":0,"k":0,"ix":5},"nm":"Transform"}],"nm":"03","np":2,"cix":2,"bm":0,"ix":1,"mn":"ADBE Vector Group","hd":false}],"ip":0,"op":604,"st":0,"ct":1,"bm":0},{"ddd":0,"ind":16,"ty":4,"nm":"11","sr":1,"ks":{"o":{"a":0,"k":100,"ix":11},"r":{"a":0,"k":0,"ix":10},"p":{"a":1,"k":[{"i":{"x":0.833,"y":0.833},"o":{"x":0.167,"y":0.167},"t":0,"s":[720,171.25,0],"e":[-2520,171.25,0],"to":[-540,0,0],"ti":[540,0,0]},{"t":270}],"ix":2,"l":2},"a":{"a":0,"k":[0,0,0],"ix":1,"l":2},"s":{"a":0,"k":[100,100,100],"ix":6,"l":2}},"ao":0,"shapes":[{"ty":"gr","it":[{"ind":0,"ty":"sh","ix":1,"ks":{"a":0,"k":{"i":[[0,0],[13.36,0],[8.35,0],[20.039,0],[11.69,0],[12.865,0],[17.46,0],[27.11,0],[12.097,0],[29.15,0],[26.908,0],[28.029,0],[14.575,0],[21.302,0]],"o":[[-5.977,0],[-8.35,0],[-8.35,0],[-20.039,0],[-20.039,0],[-12.865,0],[-12.865,0],[-19.06,0],[-12.097,0],[-29.15,0],[-26.908,0],[-28.029,0],[-14.575,0],[0,0]],"v":[[180,20.945],[150.65,20.945],[128.94,20.945],[105.561,20.945],[75.502,5.25],[45.709,104.25],[22.064,-104.25],[-19.857,20.945],[-43.401,-7.366],[-74.793,20.945],[-101.701,20.945],[-117.924,20.945],[-149.317,20.945],[-180,20.945]],"c":false},"ix":2},"nm":"Path 1","mn":"ADBE Vector Shape - Group","hd":false},{"ty":"st","c":{"a":0,"k":[0.996078431373,0.909803921569,0.901960784314,1],"ix":3},"o":{"a":0,"k":100,"ix":4},"w":{"a":0,"k":12,"ix":5},"lc":1,"lj":1,"ml":4,"bm":0,"nm":"Stroke 1","mn":"ADBE Vector Graphic - Stroke","hd":false},{"ty":"tr","p":{"a":0,"k":[0,0],"ix":2},"a":{"a":0,"k":[0,0],"ix":1},"s":{"a":0,"k":[100,100],"ix":3},"r":{"a":0,"k":0,"ix":6},"o":{"a":0,"k":100,"ix":7},"sk":{"a":0,"k":0,"ix":4},"sa":{"a":0,"k":0,"ix":5},"nm":"Transform"}],"nm":"02","np":2,"cix":2,"bm":0,"ix":1,"mn":"ADBE Vector Group","hd":false}],"ip":0,"op":604,"st":0,"ct":1,"bm":0},{"ddd":0,"ind":17,"ty":4,"nm":"19","sr":1,"ks":{"o":{"a":0,"k":100,"ix":11},"r":{"a":0,"k":0,"ix":10},"p":{"a":1,"k":[{"i":{"x":0.833,"y":0.833},"o":{"x":0.167,"y":0.167},"t":0,"s":[360,171.25,0],"e":[-2880,171.25,0],"to":[-540,0,0],"ti":[540,0,0]},{"t":270}],"ix":2,"l":2},"a":{"a":0,"k":[0,0,0],"ix":1,"l":2},"s":{"a":0,"k":[100,100,100],"ix":6,"l":2}},"ao":0,"shapes":[{"ty":"gr","it":[{"ind":0,"ty":"sh","ix":1,"ks":{"a":0,"k":{"i":[[0,0],[13.36,0],[8.35,0],[20.039,0],[11.69,0],[12.865,0],[17.46,0],[27.11,0],[12.097,0],[29.15,0],[26.908,0],[28.029,0],[14.575,0],[21.302,0]],"o":[[-5.977,0],[-8.35,0],[-8.35,0],[-20.039,0],[-20.039,0],[-12.865,0],[-12.865,0],[-19.06,0],[-12.097,0],[-29.15,0],[-26.908,0],[-28.029,0],[-14.575,0],[0,0]],"v":[[180,20.945],[150.65,20.945],[128.94,20.945],[105.561,20.945],[75.502,5.25],[45.709,104.25],[22.064,-104.25],[-19.857,20.945],[-43.401,-7.366],[-74.793,20.945],[-101.701,20.945],[-117.924,20.945],[-149.317,20.945],[-180,20.945]],"c":false},"ix":2},"nm":"Path 1","mn":"ADBE Vector Shape - Group","hd":false},{"ty":"st","c":{"a":0,"k":[0.996078431373,0.909803921569,0.901960784314,1],"ix":3},"o":{"a":0,"k":100,"ix":4},"w":{"a":0,"k":12,"ix":5},"lc":1,"lj":1,"ml":4,"bm":0,"nm":"Stroke 1","mn":"ADBE Vector Graphic - Stroke","hd":false},{"ty":"tr","p":{"a":0,"k":[0,0],"ix":2},"a":{"a":0,"k":[0,0],"ix":1},"s":{"a":0,"k":[100,100],"ix":3},"r":{"a":0,"k":0,"ix":6},"o":{"a":0,"k":100,"ix":7},"sk":{"a":0,"k":0,"ix":4},"sa":{"a":0,"k":0,"ix":5},"nm":"Transform"}],"nm":"01","np":2,"cix":2,"bm":0,"ix":1,"mn":"ADBE Vector Group","hd":false}],"ip":0,"op":604,"st":0,"ct":1,"bm":0},{"ddd":0,"ind":18,"ty":4,"nm":"10","sr":1,"ks":{"o":{"a":0,"k":100,"ix":11},"r":{"a":0,"k":0,"ix":10},"p":{"a":1,"k":[{"i":{"x":0.833,"y":0.833},"o":{"x":0.167,"y":0.167},"t":0,"s":[0,171.25,0],"e":[-3240,171.25,0],"to":[-540,0,0],"ti":[540,0,0]},{"t":270}],"ix":2,"l":2},"a":{"a":0,"k":[0,0,0],"ix":1,"l":2},"s":{"a":0,"k":[100,100,100],"ix":6,"l":2}},"ao":0,"shapes":[{"ty":"gr","it":[{"ind":0,"ty":"sh","ix":1,"ks":{"a":0,"k":{"i":[[0,0],[13.36,0],[8.35,0],[20.039,0],[11.69,0],[12.865,0],[17.46,0],[27.11,0],[12.097,0],[29.15,0],[26.908,0],[28.029,0],[14.575,0],[21.302,0]],"o":[[-5.977,0],[-8.35,0],[-8.35,0],[-20.039,0],[-20.039,0],[-12.865,0],[-12.865,0],[-19.06,0],[-12.097,0],[-29.15,0],[-26.908,0],[-28.029,0],[-14.575,0],[0,0]],"v":[[180,20.945],[150.65,20.945],[128.94,20.945],[105.561,20.945],[75.502,5.25],[45.709,104.25],[22.064,-104.25],[-19.857,20.945],[-43.401,-7.366],[-74.793,20.945],[-101.701,20.945],[-117.924,20.945],[-149.317,20.945],[-180,20.945]],"c":false},"ix":2},"nm":"Path 1","mn":"ADBE Vector Shape - Group","hd":false},{"ty":"st","c":{"a":0,"k":[0.996078431373,0.909803921569,0.901960784314,1],"ix":3},"o":{"a":0,"k":100,"ix":4},"w":{"a":0,"k":12,"ix":5},"lc":1,"lj":1,"ml":4,"bm":0,"nm":"Stroke 1","mn":"ADBE Vector Graphic - Stroke","hd":false},{"ty":"tr","p":{"a":0,"k":[0,0],"ix":2},"a":{"a":0,"k":[0,0],"ix":1},"s":{"a":0,"k":[100,100],"ix":3},"r":{"a":0,"k":0,"ix":6},"o":{"a":0,"k":100,"ix":7},"sk":{"a":0,"k":0,"ix":4},"sa":{"a":0,"k":0,"ix":5},"nm":"Transform"}],"nm":"01","np":2,"cix":2,"bm":0,"ix":1,"mn":"ADBE Vector Group","hd":false}],"ip":0,"op":604,"st":0,"ct":1,"bm":0},{"ddd":0,"ind":19,"ty":2,"nm":"bg","refId":"image_0","sr":1,"ks":{"o":{"a":0,"k":100,"ix":11},"r":{"a":0,"k":0,"ix":10},"p":{"a":0,"k":[540,180,0],"ix":2,"l":2},"a":{"a":0,"k":[540,180,0],"ix":1,"l":2},"s":{"a":0,"k":[100,100,100],"ix":6,"l":2}},"ao":0,"hasMask":true,"masksProperties":[{"inv":false,"mode":"a","pt":{"a":0,"k":{"i":[[0,0],[0,0],[0,0],[0,0]],"o":[[0,0],[0,0],[0,0],[0,0]],"v":[[1124,0],[-39.828,0],[-39.828,360],[1124,360]],"c":true},"ix":1},"o":{"a":0,"k":100,"ix":3},"x":{"a":0,"k":0,"ix":4},"nm":"Mask 1"}],"ip":0,"op":604,"st":0,"bm":0}],"markers":[],"props":{}}